-- phpMyAdmin SQL Dump
-- version 5.2.0
-- https://www.phpmyadmin.net/
--
-- Host: 127.0.0.1
-- Generation Time: Mar 18, 2023 at 12:59 AM
-- Server version: 10.4.25-MariaDB
-- PHP Version: 8.1.10

SET SQL_MODE = "NO_AUTO_VALUE_ON_ZERO";
START TRANSACTION;
SET time_zone = "+00:00";


/*!40101 SET @OLD_CHARACTER_SET_CLIENT=@@CHARACTER_SET_CLIENT */;
/*!40101 SET @OLD_CHARACTER_SET_RESULTS=@@CHARACTER_SET_RESULTS */;
/*!40101 SET @OLD_COLLATION_CONNECTION=@@COLLATION_CONNECTION */;
/*!40101 SET NAMES utf8mb4 */;

--
-- Database: `lottery_game`
--

-- --------------------------------------------------------

--
-- Table structure for table `customer`
--

CREATE TABLE `customer` (
  `invoice` varchar(50) NOT NULL,
  `amount` varchar(11) DEFAULT NULL,
  `fullname` varchar(100) DEFAULT NULL,
  `email` varchar(100) DEFAULT NULL,
  `phone` varchar(100) DEFAULT NULL,
  `date_created` datetime NOT NULL DEFAULT current_timestamp()
) ENGINE=InnoDB DEFAULT CHARSET=utf8mb4;

--
-- Dumping data for table `customer`
--

INSERT INTO `customer` (`invoice`, `amount`, `fullname`, `email`, `phone`, `date_created`) VALUES
('12223444', '10000', 'juan carlos', 'carlos@gmail.com', '66555455454', '2023-03-01 15:42:16'),
('123', '1000', 'novel chavez', 'meawkimeawchavez1996@gmail.com', '09197595268', '2023-03-01 13:11:07'),
('202303041001', '11000', 'Carolina Chavez', 'carol@gmail.com', '33225556665', '2023-03-04 08:16:38'),
('202303061002', '5000', 'Toniete Villaceran', 'toniete@gmail.com', '09556545465', '2023-03-06 09:22:03'),
('202303071003', '10000', 'Harvey Garcia', 'harvey@gmail.com', '09665559998', '2023-03-07 14:35:53'),
('202303091004', '1000', 'Jimwel Despoy', 'jimwel@gmail.com', '09226655588', '2023-03-09 08:47:11'),
('202303101006', '1000', 'miraflor aguilar', 'mira@gmail.com', '65559999888', '2023-03-10 09:08:11'),
('202303111008', '1000', 'John Deo', 'john@gmail.com', '22244555666', '2023-03-11 10:50:41'),
('202303131009', '1000', 'brison zapa', 'bri@gmail.com', '12225566522', '2023-03-13 10:38:16'),
('202303151010', '2000', 'Levon Chavez', 'levon@gmail.com', '09666555889', '2023-03-15 08:49:46'),
('21212121', '1111', 'audit audit', 'audit@gmail.com', '21212121', '2023-03-01 13:48:59'),
('21212121a', '100', 'sasasasa', '@gmail.com', '46565656565', '2023-03-14 08:57:58'),
('21321321', '520000', 'Leonel Nino Andalajao', 'leonelledezma97@yahoo.com', '09279947602', '2023-03-01 13:16:32'),
('22525522233', '5000', 'Aldrin Lumangyao', 'aldrin@gmail.com', '09558666999', '2023-03-03 08:44:18'),
('2323232322', '20000', 'example', 'example@gmail.com', '03322233333', '2023-03-09 11:13:18'),
('233556655', '1000', 'Juan Dela Cruz', 'juan@gmail.com', '0333226666', '2023-03-01 13:37:41'),
('2525252525', '1000', 'John Deo', 'john@gmail.com', '12112222222', '2023-03-01 13:40:37'),
('25252525252', '1000', 'laps', 'novel.gaisano@gmail.com', '12112222222', '2023-03-13 16:43:51'),
('2525252525a', '1000', 'Christian Caraos', 'chrs@gmail.com', '25555544664', '2023-03-01 13:59:24'),
('2566555', '1000', 'Julius Chavez', 'julius@gmail.com', '12233555521', '2023-03-01 13:56:02'),
('2566555a', '5000', 'Jeffrey Calunod', 'jeff@gmail.com', '09665552255', '2023-03-16 10:39:57'),
('25666555', '5000', 'Rolly Capuras', 'rolly@gmail.com', '09666555666', '2023-03-17 16:33:49'),
('25668894', '1000', 'aw aw', 'lapay@gmail.com', '0333226666', '2023-03-01 13:34:20'),
('26665599', '1000', 'Glecer Ofianga', 'gle@gmail.com', '09665556666', '2023-03-17 17:01:38'),
('4889556', '2000', 'sample sample', 'sample@gmail.com', '0333226666', '2023-03-01 13:18:41'),
('566685', '1000', 'meawki meaw', 'aw@gmail.com', '23', '2023-03-02 09:39:00'),
('999', '1000', 'Connor Mateo', 'connor@gmail.com', '09090909090', '2023-03-01 16:57:51'),
('999a', '2222', 'levon meaw', 'levon@gmail.com', '02132132213', '2023-03-02 09:38:35');

-- --------------------------------------------------------

--
-- Table structure for table `lottery`
--

CREATE TABLE `lottery` (
  `id` int(11) NOT NULL,
  `c_invoice` varchar(50) NOT NULL,
  `lottery_a` varchar(4) DEFAULT NULL,
  `lottery_b` varchar(4) DEFAULT NULL,
  `lottery_c` varchar(4) DEFAULT NULL,
  `result_a` varchar(4) DEFAULT NULL,
  `result_b` varchar(4) DEFAULT NULL,
  `result_c` varchar(4) DEFAULT NULL,
  `date` datetime NOT NULL DEFAULT current_timestamp(),
  `status` varchar(50) DEFAULT NULL,
  `prize` varchar(50) DEFAULT NULL
) ENGINE=InnoDB DEFAULT CHARSET=utf8mb4;

--
-- Dumping data for table `lottery`
--

INSERT INTO `lottery` (`id`, `c_invoice`, `lottery_a`, `lottery_b`, `lottery_c`, `result_a`, `result_b`, `result_c`, `date`, `status`, `prize`) VALUES
(1, '566685', '1', '2', '2', '9', '7', '3', '2023-03-02 12:35:31', 'Lose', ''),
(2, '566685', '0', '2', '3', '9', '8', '7', '2023-03-02 12:38:37', 'Lose', ''),
(3, '566685', '1', '2', '3', '0', '0', '8', '2023-03-02 12:39:48', 'Lose', ''),
(4, '566685', '1', '2', '3', '<div', '<div', '<div', '2023-03-02 12:41:05', 'Lose', ''),
(5, '566685', '1', '5', '6', '4', '7', '8', '2023-03-02 12:43:20', 'Lose', ''),
(6, '566685', '1', '2', '3', '5', '8', '4', '2023-03-02 12:43:40', 'Lose', ''),
(7, '566685', '5', '5', '5', '3', '7', '6', '2023-03-02 12:58:31', 'Lose', ''),
(8, '566685', '5', '5', '5', '6', '9', '4', '2023-03-02 13:06:19', 'Lose', ''),
(9, '566685', '5', '5', '5', '8', '4', '8', '2023-03-02 13:06:26', 'Lose', ''),
(10, '566685', '5', '5', '5', '3', '2', '6', '2023-03-02 13:06:32', 'Lose', ''),
(11, '566685', '5', '5', '5', '6', '9', '6', '2023-03-02 13:06:38', 'Lose', ''),
(12, '566685', '5', '5', '5', '3', '4', '2', '2023-03-02 13:06:44', 'Lose', ''),
(13, '566685', '5', '5', '5', '4', '8', '0', '2023-03-02 13:06:50', 'Lose', ''),
(14, '566685', '5', '5', '5', '4', '5', '6', '2023-03-02 13:06:55', 'Win', 'Consolation-1'),
(15, '566685', '5', '5', '5', '8', '2', '5', '2023-03-02 13:07:05', 'Win', 'Consolation-1'),
(16, '566685', '5', '5', '5', '7', '6', '3', '2023-03-02 13:07:16', 'Lose', ''),
(17, '566685', '5', '5', '5', '6', '6', '1', '2023-03-02 13:07:22', 'Lose', ''),
(18, '566685', '5', '5', '5', '3', '6', '1', '2023-03-02 13:07:29', 'Lose', ''),
(19, '566685', '5', '5', '5', '9', '2', '8', '2023-03-02 13:07:39', 'Lose', ''),
(20, '566685', '5', '5', '5', '2', '5', '5', '2023-03-02 16:58:37', 'Win', 'Consolation-2'),
(21, '566685', '5', '5', '5', '7', '1', '6', '2023-03-02 16:58:50', 'Lose', ''),
(22, '566685', '1', '2', '3', '9', '2', '2', '2023-03-02 17:07:04', 'Win', 'Consolation-1'),
(23, '566685', '1', '2', '3', '7', '1', '8', '2023-03-02 17:07:25', 'Lose', ''),
(24, '566685', '1', '2', '3', '6', '3', '8', '2023-03-02 17:09:38', 'Lose', ''),
(25, '566685', '1', '2', '3', '3', '5', '8', '2023-03-02 17:09:45', 'Lose', ''),
(26, '566685', '1', '2', '3', '4', '3', '3', '2023-03-02 17:09:55', 'Win', 'Consolation-1'),
(27, '566685', '1', '2', '3', '7', '4', '6', '2023-03-02 17:10:22', 'Lose', ''),
(28, '22525522233', '4', '5', '6', '0', '3', '8', '2023-03-03 08:44:56', 'Lose', ''),
(29, '22525522233', '1', '2', '5', '6', '2', '4', '2023-03-03 08:48:35', 'Win', 'Consolation-1'),
(30, '22525522233', '1', '2', '5', '4', '2', '8', '2023-03-03 08:48:43', 'Win', 'Consolation-1'),
(31, '22525522233', '1', '2', '5', '4', '5', '2', '2023-03-03 08:48:51', 'Lose', ''),
(32, '22525522233', '1', '2', '3', '3', '7', '7', '2023-03-03 08:50:21', 'Lose', ''),
(33, '22525522233', '1', '2', '3', '0', '6', '7', '2023-03-03 08:50:23', 'Lose', ''),
(34, '22525522233', '1', '2', '3', '0', '1', '9', '2023-03-03 08:50:30', 'Lose', ''),
(35, '22525522233', '1', '2', '3', '2', '5', '6', '2023-03-03 08:50:35', 'Lose', ''),
(36, '22525522233', '1', '2', '3', '5', '6', '8', '2023-03-03 08:50:41', 'Lose', ''),
(37, '22525522233', '1', '2', '3', '5', '0', '4', '2023-03-03 08:50:47', 'Lose', ''),
(38, '22525522233', '1', '2', '3', '6', '7', '3', '2023-03-03 08:50:53', 'Win', 'Consolation-1'),
(39, '22525522233', '1', '2', '3', '3', '4', '8', '2023-03-03 08:52:04', 'Lose', ''),
(40, '22525522233', '1', '2', '3', '6', '6', '7', '2023-03-03 08:52:11', 'Lose', ''),
(41, '22525522233', '1', '2', '3', '9', '5', '5', '2023-03-03 08:52:17', 'Lose', ''),
(42, '22525522233', '1', '2', '3', '7', '8', '8', '2023-03-03 08:52:22', 'Lose', ''),
(43, '22525522233', '1', '2', '3', '4', '9', '0', '2023-03-03 08:52:28', 'Lose', ''),
(44, '22525522233', '1', '2', '3', '3', '1', '9', '2023-03-03 08:52:47', 'Lose', ''),
(45, '22525522233', '1', '2', '3', '9', '6', '6', '2023-03-03 08:52:56', 'Lose', ''),
(46, '22525522233', '1', '2', '3', '2', '7', '2', '2023-03-03 08:53:02', 'Lose', ''),
(47, '22525522233', '1', '2', '3', '9', '1', '0', '2023-03-03 08:53:07', 'Lose', ''),
(48, '22525522233', '1', '2', '3', '5', '7', '9', '2023-03-03 08:53:13', 'Lose', ''),
(49, '22525522233', '1', '2', '3', '2', '8', '5', '2023-03-03 08:53:19', 'Lose', ''),
(50, '22525522233', '1', '2', '3', '0', '0', '3', '2023-03-03 08:53:26', 'Win', 'Consolation-1'),
(51, '22525522233', '2', '5', '8', '6', '1', '0', '2023-03-03 08:54:22', 'Lose', ''),
(52, '22525522233', '2', '5', '8', '5', '5', '1', '2023-03-03 08:54:28', 'Win', 'Consolation-1'),
(53, '22525522233', '1', '2', '4', '7', '2', '8', '2023-03-03 08:56:08', 'Win', 'Consolation-1'),
(54, '22525522233', '1', '5', '6', '1', '0', '6', '2023-03-03 09:03:00', 'Win', 'Consolation-2'),
(55, '22525522233', '1', '5', '6', '7', '7', '5', '2023-03-03 09:03:06', 'Lose', ''),
(56, '22525522233', '1', '5', '6', '2', '4', '2', '2023-03-03 09:03:12', 'Lose', ''),
(57, '22525522233', '4', '5', '2', '6', '8', '4', '2023-03-03 09:03:30', 'Lose', ''),
(58, '22525522233', '4', '5', '2', '3', '2', '0', '2023-03-03 09:03:31', 'Lose', ''),
(59, '22525522233', '4', '5', '2', '6', '2', '9', '2023-03-03 09:03:33', 'Lose', ''),
(60, '22525522233', '4', '5', '2', '9', '7', '9', '2023-03-03 09:03:34', 'Lose', ''),
(61, '22525522233', '4', '5', '2', '6', '9', '0', '2023-03-03 09:03:36', 'Lose', ''),
(62, '22525522233', '4', '5', '2', '6', '6', '1', '2023-03-03 09:03:38', 'Lose', ''),
(63, '22525522233', '4', '5', '2', '2', '2', '8', '2023-03-03 09:03:39', 'Lose', ''),
(64, '22525522233', '4', '5', '2', '4', '8', '9', '2023-03-03 09:03:41', 'Win', 'Consolation-1'),
(65, '22525522233', '4', '5', '6', '7', '1', '8', '2023-03-03 09:05:34', 'Lose', ''),
(66, '22525522233', '4', '5', '6', '9', '0', '2', '2023-03-03 09:05:36', 'Lose', ''),
(67, '22525522233', '4', '5', '6', '7', '3', '5', '2023-03-03 09:05:38', 'Lose', ''),
(68, '22525522233', '4', '5', '6', '3', '2', '9', '2023-03-03 09:05:39', 'Lose', ''),
(69, '22525522233', '4', '5', '6', '0', '3', '2', '2023-03-03 09:05:41', 'Lose', ''),
(70, '22525522233', '4', '5', '6', '9', '7', '9', '2023-03-03 09:05:42', 'Lose', ''),
(71, '22525522233', '4', '5', '6', '2', '2', '7', '2023-03-03 09:05:44', 'Lose', ''),
(72, '22525522233', '4', '5', '6', '2', '0', '6', '2023-03-03 09:05:46', 'Win', 'Consolation-1'),
(73, '22525522233', '1', '2', '3', '5', '5', '2', '2023-03-03 09:07:17', 'Lose', ''),
(74, '22525522233', '1', '2', '3', '6', '5', '7', '2023-03-03 09:07:18', 'Lose', ''),
(75, '22525522233', '1', '2', '3', '2', '5', '4', '2023-03-03 09:07:20', 'Lose', ''),
(76, '22525522233', '1', '2', '3', '8', '0', '0', '2023-03-03 09:07:21', 'Lose', ''),
(77, '22525522233', '1', '2', '3', '0', '9', '7', '2023-03-03 09:07:23', 'Lose', ''),
(78, '22525522233', '1', '2', '3', '6', '9', '5', '2023-03-03 09:07:24', 'Lose', ''),
(79, '22525522233', '1', '2', '3', '3', '5', '4', '2023-03-03 09:07:26', 'Lose', ''),
(80, '22525522233', '1', '2', '3', '1', '9', '0', '2023-03-03 09:07:27', 'Win', 'Consolation-1'),
(81, '22525522233', '1', '2', '3', '9', '1', '8', '2023-03-03 09:08:26', 'Lose', ''),
(82, '22525522233', '1', '2', '3', '5', '8', '5', '2023-03-03 09:08:28', 'Lose', ''),
(83, '22525522233', '1', '2', '3', '4', '1', '3', '2023-03-03 09:08:29', 'Win', 'Consolation-1'),
(84, '22525522233', '1', '2', '3', '0', '8', '0', '2023-03-03 09:09:35', 'Lose', ''),
(85, '22525522233', '1', '2', '3', '9', '2', '1', '2023-03-03 09:09:37', 'Win', 'Consolation-1'),
(86, '22525522233', '1', '2', '3', '5', '4', '0', '2023-03-03 09:09:47', 'Lose', ''),
(87, '22525522233', '1', '2', '3', '8', '9', '4', '2023-03-03 09:09:49', 'Lose', ''),
(88, '22525522233', '1', '2', '3', '3', '7', '4', '2023-03-03 09:09:51', 'Lose', ''),
(89, '22525522233', '1', '2', '3', '2', '8', '6', '2023-03-03 09:09:53', 'Lose', ''),
(90, '22525522233', '1', '2', '3', '1', '9', '5', '2023-03-03 09:09:54', 'Win', 'Consolation-1'),
(91, '22525522233', '1', '2', '3', '5', '5', '3', '2023-03-03 09:11:42', 'Win', 'Consolation-1'),
(92, '22525522233', '1', '2', '3', '2', '4', '5', '2023-03-03 09:13:00', 'Lose', ''),
(93, '22525522233', '1', '2', '3', '7', '8', '8', '2023-03-03 09:13:03', 'Lose', ''),
(94, '22525522233', '1', '2', '3', '0', '2', '6', '2023-03-03 09:13:07', 'Win', 'Consolation-1'),
(95, '22525522233', '1', '2', '3', '5', '4', '2', '2023-03-03 09:16:16', 'Lose', ''),
(96, '22525522233', '1', '2', '3', '3', '9', '1', '2023-03-03 09:16:18', 'Lose', ''),
(97, '22525522233', '1', '2', '3', '0', '1', '5', '2023-03-03 09:16:20', 'Lose', ''),
(98, '22525522233', '1', '2', '3', '3', '3', '7', '2023-03-03 09:16:22', 'Lose', ''),
(99, '22525522233', '1', '2', '3', '0', '6', '7', '2023-03-03 09:16:23', 'Lose', ''),
(100, '22525522233', '1', '2', '3', '4', '2', '3', '2023-03-03 09:16:25', 'Win', 'Consolation-2'),
(101, '22525522233', '1', '2', '3', '9', '8', '6', '2023-03-03 09:16:27', 'Lose', ''),
(102, '22525522233', '1', '2', '3', '7', '5', '8', '2023-03-03 09:16:29', 'Lose', ''),
(103, '22525522233', '1', '2', '3', '4', '6', '2', '2023-03-03 09:16:32', 'Lose', ''),
(104, '22525522233', '1', '2', '3', '1', '3', '4', '2023-03-03 09:16:34', 'Win', 'Consolation-1'),
(105, '22525522233', '1', '1', '1', '6', '0', '3', '2023-03-03 09:29:48', 'Lose', ''),
(106, '22525522233', '1', '1', '1', '6', '1', '6', '2023-03-03 09:29:50', 'Win', 'Consolation-1'),
(107, '22525522233', '1', '2', '3', '8', '8', '4', '2023-03-03 10:01:09', 'Lose', ''),
(108, '22525522233', '1', '2', '3', '2', '6', '4', '2023-03-03 10:01:11', 'Lose', ''),
(109, '22525522233', '1', '2', '3', '5', '0', '9', '2023-03-03 10:01:12', 'Lose', ''),
(110, '22525522233', '1', '2', '3', '1', '4', '8', '2023-03-03 10:01:14', 'Win', 'Consolation-1'),
(111, '22525522233', '1', '2', '3', '4', '2', '9', '2023-03-03 10:02:36', 'Win', 'Consolation-1'),
(112, '22525522233', '1', '2', '3', '0', '4', '7', '2023-03-03 10:03:06', 'Lose', ''),
(113, '22525522233', '1', '2', '3', '9', '6', '2', '2023-03-03 10:03:08', 'Lose', ''),
(114, '22525522233', '1', '2', '3', '8', '2', '8', '2023-03-03 10:03:10', 'Win', 'Consolation-1'),
(115, '22525522233', '1', '2', '3', '7', '4', '7', '2023-03-03 10:03:24', 'Lose', ''),
(116, '22525522233', '1', '2', '3', '0', '0', '5', '2023-03-03 10:03:26', 'Lose', ''),
(117, '22525522233', '1', '2', '3', '2', '8', '7', '2023-03-03 10:03:27', 'Lose', ''),
(118, '22525522233', '1', '2', '3', '5', '9', '1', '2023-03-03 10:03:29', 'Lose', ''),
(119, '22525522233', '1', '2', '3', '0', '3', '3', '2023-03-03 10:03:30', 'Win', 'Consolation-1'),
(120, '22525522233', '1', '2', '3', '0', '9', '0', '2023-03-03 10:04:03', 'Lose', ''),
(121, '22525522233', '1', '2', '3', '4', '8', '5', '2023-03-03 10:04:05', 'Lose', ''),
(122, '22525522233', '1', '2', '3', '2', '9', '8', '2023-03-03 10:04:07', 'Lose', ''),
(123, '22525522233', '1', '2', '3', '0', '2', '1', '2023-03-03 10:04:08', 'Win', 'Consolation-1'),
(124, '22525522233', '1', '1', '1', '6', '2', '9', '2023-03-03 10:11:13', 'Lose', ''),
(125, '22525522233', '1', '1', '1', '3', '1', '3', '2023-03-03 10:11:15', 'Win', 'Consolation-1'),
(126, '22525522233', '1', '2', '3', '3', '2', '6', '2023-03-03 10:11:57', 'Win', 'Consolation-1'),
(127, '22525522233', '1', '2', '3', '5', '0', '7', '2023-03-03 10:12:18', 'Lose', ''),
(128, '22525522233', '1', '2', '3', '2', '5', '6', '2023-03-03 10:12:20', 'Lose', ''),
(129, '22525522233', '1', '2', '3', '5', '5', '9', '2023-03-03 10:12:22', 'Lose', ''),
(130, '22525522233', '1', '2', '3', '1', '8', '9', '2023-03-03 10:12:23', 'Win', 'Consolation-1'),
(131, '22525522233', '2', '2', '2', '3', '3', '5', '2023-03-03 10:12:30', 'Lose', ''),
(132, '22525522233', '2', '2', '2', '9', '6', '6', '2023-03-03 10:12:32', 'Lose', ''),
(133, '22525522233', '2', '2', '2', '4', '8', '5', '2023-03-03 10:12:33', 'Lose', ''),
(134, '22525522233', '2', '2', '2', '1', '4', '8', '2023-03-03 10:12:35', 'Lose', ''),
(135, '22525522233', '2', '2', '2', '6', '8', '1', '2023-03-03 10:12:36', 'Lose', ''),
(136, '22525522233', '2', '2', '2', '2', '2', '4', '2023-03-03 10:12:38', 'Win', 'Consolation-2'),
(137, '22525522233', '2', '2', '2', '6', '0', '2', '2023-03-03 10:12:41', 'Win', 'Consolation-1'),
(138, '22525522233', '2', '2', '2', '0', '6', '2', '2023-03-03 10:12:53', 'Win', 'Consolation-1'),
(139, '22525522233', '4', '7', '8', '3', '5', '0', '2023-03-03 10:30:02', 'Lose', ''),
(140, '22525522233', '4', '7', '8', '5', '2', '5', '2023-03-03 10:30:04', 'Lose', ''),
(141, '22525522233', '4', '7', '8', '0', '8', '2', '2023-03-03 10:30:06', 'Lose', ''),
(142, '22525522233', '4', '7', '8', '7', '3', '8', '2023-03-03 10:30:08', 'Win', 'Consolation-1'),
(143, '22525522233', '4', '7', '8', '1', '2', '2', '2023-03-03 10:30:18', 'Lose', ''),
(144, '22525522233', '4', '7', '8', '7', '8', '7', '2023-03-03 10:30:20', 'Lose', ''),
(145, '22525522233', '4', '7', '8', '2', '0', '8', '2023-03-03 10:30:21', 'Win', 'Consolation-1'),
(146, '22525522233', '4', '7', '8', '6', '8', '0', '2023-03-03 10:39:30', 'Lose', ''),
(147, '22525522233', '4', '7', '8', '3', '4', '0', '2023-03-03 10:39:32', 'Lose', ''),
(148, '22525522233', '4', '7', '8', '6', '1', '8', '2023-03-03 10:39:34', 'Win', 'Consolation-1'),
(149, '22525522233', '4', '7', '8', '0', '6', '9', '2023-03-03 10:39:38', 'Lose', ''),
(150, '22525522233', '4', '7', '8', '8', '5', '1', '2023-03-03 10:39:40', 'Lose', ''),
(151, '22525522233', '4', '7', '8', '9', '7', '7', '2023-03-03 10:39:42', 'Win', 'Consolation-1'),
(152, '22525522233', '1', '2', '3', '5', '9', '4', '2023-03-03 10:58:01', 'Lose', ''),
(153, '22525522233', '1', '2', '3', '4', '0', '6', '2023-03-03 10:58:03', 'Lose', ''),
(154, '22525522233', '1', '2', '3', '0', '9', '9', '2023-03-03 10:58:04', 'Lose', ''),
(155, '22525522233', '1', '2', '3', '1', '9', '2', '2023-03-03 10:58:06', 'Win', 'Consolation-1'),
(156, '22525522233', '1', '2', '3', '3', '4', '0', '2023-03-03 10:59:12', 'Lose', ''),
(157, '22525522233', '1', '2', '3', '4', '9', '1', '2023-03-03 10:59:13', 'Lose', ''),
(158, '22525522233', '1', '2', '3', '6', '4', '1', '2023-03-03 10:59:15', 'Lose', ''),
(159, '22525522233', '1', '2', '3', '2', '8', '9', '2023-03-03 10:59:17', 'Lose', ''),
(160, '22525522233', '1', '2', '3', '8', '0', '9', '2023-03-03 10:59:18', 'Lose', ''),
(161, '22525522233', '1', '2', '3', '4', '9', '6', '2023-03-03 10:59:20', 'Lose', ''),
(162, '22525522233', '1', '2', '3', '6', '3', '6', '2023-03-03 10:59:21', 'Lose', ''),
(163, '22525522233', '1', '2', '3', '4', '1', '4', '2023-03-03 10:59:23', 'Lose', ''),
(164, '22525522233', '1', '2', '3', '8', '4', '4', '2023-03-03 10:59:25', 'Lose', ''),
(165, '22525522233', '1', '2', '3', '0', '3', '3', '2023-03-03 10:59:27', 'Win', 'Consolation-1'),
(166, '22525522233', '1', '2', '3', '2', '0', '5', '2023-03-03 10:59:54', 'Lose', ''),
(167, '22525522233', '1', '2', '3', '0', '5', '1', '2023-03-03 10:59:56', 'Lose', ''),
(168, '22525522233', '1', '2', '3', '5', '7', '9', '2023-03-03 10:59:57', 'Lose', ''),
(169, '22525522233', '1', '2', '3', '5', '9', '8', '2023-03-03 10:59:59', 'Lose', ''),
(170, '22525522233', '1', '2', '3', '8', '3', '6', '2023-03-03 11:00:00', 'Lose', ''),
(171, '22525522233', '1', '2', '3', '9', '8', '8', '2023-03-03 11:00:02', 'Lose', ''),
(172, '22525522233', '1', '2', '3', '0', '1', '1', '2023-03-03 11:00:04', 'Lose', ''),
(173, '22525522233', '1', '2', '3', '9', '0', '3', '2023-03-03 11:00:06', 'Win', 'Consolation-1'),
(174, '22525522233', '1', '4', '5', '1', '5', '1', '2023-03-03 11:01:01', 'Win', 'Consolation-1'),
(175, '22525522233', '1', '4', '5', '8', '6', '8', '2023-03-03 11:01:08', 'Lose', ''),
(176, '22525522233', '1', '4', '5', '7', '2', '9', '2023-03-03 11:01:10', 'Lose', ''),
(177, '22525522233', '1', '4', '5', '5', '0', '8', '2023-03-03 11:01:11', 'Lose', ''),
(178, '22525522233', '1', '4', '5', '9', '1', '4', '2023-03-03 11:01:13', 'Lose', ''),
(179, '22525522233', '1', '4', '5', '2', '7', '6', '2023-03-03 11:01:15', 'Lose', ''),
(180, '22525522233', '1', '4', '5', '9', '6', '9', '2023-03-03 11:01:16', 'Lose', ''),
(181, '22525522233', '1', '4', '5', '6', '3', '4', '2023-03-03 11:01:18', 'Lose', ''),
(182, '22525522233', '1', '4', '5', '1', '0', '6', '2023-03-03 11:01:21', 'Win', 'Consolation-1'),
(183, '22525522233', '1', '2', '3', '6', '7', '2', '2023-03-03 11:07:51', 'Lose', ''),
(184, '22525522233', '1', '2', '3', '8', '7', '6', '2023-03-03 11:07:54', 'Lose', ''),
(185, '22525522233', '1', '2', '3', '3', '6', '8', '2023-03-03 11:07:55', 'Lose', ''),
(186, '22525522233', '1', '2', '3', '8', '4', '4', '2023-03-03 11:07:57', 'Lose', ''),
(187, '22525522233', '1', '2', '3', '0', '5', '5', '2023-03-03 11:07:58', 'Lose', ''),
(188, '22525522233', '1', '2', '3', '6', '7', '8', '2023-03-03 11:08:00', 'Lose', ''),
(189, '22525522233', '1', '2', '3', '9', '4', '0', '2023-03-03 11:08:01', 'Lose', ''),
(190, '22525522233', '1', '2', '3', '3', '6', '8', '2023-03-03 11:08:03', 'Lose', ''),
(191, '22525522233', '1', '2', '3', '9', '4', '3', '2023-03-03 11:08:04', 'Win', 'Consolation-1'),
(192, '22525522233', '1', '2', '3', '8', '2', '9', '2023-03-03 11:08:40', 'Win', 'Consolation-1'),
(193, '22525522233', '4', '7', '8', '7', '9', '1', '2023-03-03 14:50:49', 'Lose', ''),
(194, '22525522233', '4', '7', '8', '6', '4', '1', '2023-03-03 14:50:52', 'Lose', ''),
(195, '22525522233', '4', '7', '8', '6', '7', '6', '2023-03-03 14:50:53', 'Win', 'Consolation-1'),
(196, '22525522233', '4', '7', '8', '1', '4', '7', '2023-03-03 14:51:21', 'Lose', ''),
(197, '22525522233', '4', '7', '8', '2', '5', '2', '2023-03-03 14:51:25', 'Lose', ''),
(198, '22525522233', '4', '7', '8', '7', '7', '1', '2023-03-03 14:51:28', 'Win', 'Consolation-1'),
(199, '22525522233', '1', '2', '3', '9', '6', '6', '2023-03-03 15:00:45', 'Lose', ''),
(200, '22525522233', '1', '2', '3', '8', '6', '5', '2023-03-03 15:00:47', 'Lose', ''),
(201, '22525522233', '1', '2', '3', '7', '2', '9', '2023-03-03 15:00:49', 'Win', 'Consolation-1'),
(202, '22525522233', '2', '2', '2', '5', '5', '7', '2023-03-03 15:00:58', 'Lose', ''),
(203, '22525522233', '2', '2', '2', '1', '2', '0', '2023-03-03 15:01:00', 'Win', 'Consolation-1'),
(204, '22525522233', '1', '2', '3', '6', '9', '3', '2023-03-03 15:01:49', 'Win', 'Consolation-1'),
(205, '22525522233', '1', '2', '3', '7', '2', '0', '2023-03-03 15:04:09', 'Win', 'Consolation-1'),
(206, '22525522233', '1', '2', '3', '2', '1', '4', '2023-03-03 15:06:25', 'Lose', ''),
(207, '22525522233', '1', '2', '3', '2', '7', '5', '2023-03-03 15:06:27', 'Lose', ''),
(208, '22525522233', '1', '2', '3', '7', '9', '4', '2023-03-03 15:06:29', 'Lose', ''),
(209, '22525522233', '1', '2', '3', '6', '1', '4', '2023-03-03 15:06:31', 'Lose', ''),
(210, '22525522233', '1', '2', '3', '9', '9', '6', '2023-03-03 15:06:32', 'Lose', ''),
(211, '22525522233', '1', '2', '3', '6', '4', '8', '2023-03-03 15:06:34', 'Lose', ''),
(212, '22525522233', '1', '2', '3', '2', '7', '1', '2023-03-03 15:06:36', 'Lose', ''),
(213, '22525522233', '1', '2', '3', '8', '6', '1', '2023-03-03 15:06:37', 'Lose', ''),
(214, '22525522233', '1', '2', '3', '6', '5', '9', '2023-03-03 15:06:39', 'Lose', ''),
(215, '22525522233', '1', '2', '3', '2', '8', '1', '2023-03-03 15:06:41', 'Lose', ''),
(216, '22525522233', '1', '2', '3', '8', '3', '3', '2023-03-03 15:06:42', 'Win', 'Consolation-1'),
(217, '22525522233', '1', '2', '3', '2', '7', '8', '2023-03-03 15:07:22', 'Lose', ''),
(218, '22525522233', '1', '2', '3', '3', '3', '8', '2023-03-03 15:07:24', 'Lose', ''),
(219, '22525522233', '1', '2', '3', '7', '3', '8', '2023-03-03 15:07:26', 'Lose', ''),
(220, '22525522233', '1', '2', '3', '9', '9', '9', '2023-03-03 15:07:27', 'Lose', ''),
(221, '22525522233', '1', '2', '3', '8', '3', '6', '2023-03-03 15:07:28', 'Lose', ''),
(222, '22525522233', '1', '2', '3', '5', '6', '2', '2023-03-03 15:07:30', 'Lose', ''),
(223, '22525522233', '1', '2', '3', '3', '2', '8', '2023-03-03 15:07:32', 'Win', 'Consolation-1'),
(224, '22525522233', '1', '2', '3', '5', '9', '1', '2023-03-03 15:08:21', 'Lose', ''),
(225, '22525522233', '1', '2', '3', '6', '8', '7', '2023-03-03 15:08:22', 'Lose', ''),
(226, '22525522233', '1', '2', '3', '9', '7', '3', '2023-03-03 15:08:24', 'Win', 'Consolation-1'),
(227, '22525522233', '1', '2', '3', '6', '8', '4', '2023-03-03 15:11:57', 'Lose', ''),
(228, '22525522233', '1', '2', '3', '4', '6', '6', '2023-03-03 15:11:59', 'Lose', ''),
(229, '22525522233', '1', '2', '3', '4', '9', '9', '2023-03-03 15:12:00', 'Lose', ''),
(230, '22525522233', '1', '2', '3', '5', '9', '9', '2023-03-03 15:12:01', 'Lose', ''),
(231, '22525522233', '1', '2', '3', '9', '1', '0', '2023-03-03 15:12:03', 'Lose', ''),
(232, '22525522233', '1', '2', '3', '0', '9', '3', '2023-03-03 15:12:04', 'Win', 'Consolation-1'),
(233, '22525522233', '1', '2', '3', '5', '3', '3', '2023-03-03 15:13:28', 'Win', 'Consolation-1'),
(234, '202303041001', '1', '2', '3', '4', '6', '9', '2023-03-04 08:16:53', 'Lose', ''),
(235, '202303041001', '1', '2', '3', '3', '6', '0', '2023-03-04 08:16:56', 'Lose', ''),
(236, '202303041001', '1', '2', '3', '3', '9', '9', '2023-03-04 08:16:58', 'Lose', ''),
(237, '202303041001', '1', '2', '3', '8', '5', '9', '2023-03-04 08:17:00', 'Lose', ''),
(238, '202303041001', '1', '2', '3', '8', '6', '3', '2023-03-04 08:17:03', 'Win', 'Consolation-1'),
(239, '202303041001', '2', '5', '8', '6', '1', '4', '2023-03-04 08:56:57', 'Lose', ''),
(240, '202303041001', '2', '5', '8', '3', '6', '7', '2023-03-04 08:57:01', 'Lose', ''),
(241, '202303041001', '2', '5', '8', '4', '9', '4', '2023-03-04 08:57:03', 'Lose', ''),
(242, '202303041001', '2', '5', '8', '9', '8', '3', '2023-03-04 08:57:04', 'Lose', ''),
(243, '202303041001', '2', '5', '8', '3', '9', '9', '2023-03-04 08:57:06', 'Lose', ''),
(244, '202303041001', '2', '5', '8', '5', '2', '1', '2023-03-04 08:57:08', 'Lose', ''),
(245, '202303041001', '2', '5', '8', '9', '4', '5', '2023-03-04 08:57:10', 'Lose', ''),
(246, '202303041001', '2', '5', '8', '9', '8', '2', '2023-03-04 08:57:11', 'Lose', ''),
(247, '202303041001', '2', '5', '8', '1', '1', '4', '2023-03-04 08:57:13', 'Lose', ''),
(248, '202303041001', '2', '5', '8', '6', '7', '1', '2023-03-04 08:57:14', 'Lose', ''),
(249, '202303041001', '2', '5', '8', '5', '5', '5', '2023-03-04 08:57:16', 'Win', 'Consolation-1'),
(250, '202303061002', '1', '2', '3', '4', '9', '7', '2023-03-06 09:22:46', 'Lose', ''),
(251, '202303061002', '1', '2', '3', '3', '5', '7', '2023-03-06 09:22:48', 'Lose', ''),
(252, '202303061002', '1', '2', '3', '0', '7', '7', '2023-03-06 09:22:49', 'Lose', ''),
(253, '202303061002', '1', '2', '3', '2', '9', '2', '2023-03-06 09:22:52', 'Lose', ''),
(254, '202303061002', '1', '2', '3', '4', '3', '5', '2023-03-06 09:22:55', 'Lose', ''),
(255, '202303061002', '1', '2', '3', '2', '1', '5', '2023-03-06 09:22:59', 'Lose', ''),
(256, '202303061002', '1', '2', '3', '0', '8', '6', '2023-03-06 09:23:02', 'Lose', ''),
(257, '202303061002', '1', '2', '3', '9', '9', '7', '2023-03-06 09:23:04', 'Lose', ''),
(258, '202303061002', '1', '2', '3', '5', '2', '8', '2023-03-06 09:23:05', 'Win', 'Consolation-1'),
(259, '202303061002', '1', '2', '3', '3', '7', '3', '2023-03-06 09:28:48', 'Win', 'Consolation-1'),
(260, '202303061002', '1', '2', '2', '4', '6', '8', '2023-03-06 09:29:25', 'Lose', ''),
(261, '202303061002', '1', '2', '3', '0', '6', '6', '2023-03-06 09:30:01', 'Lose', ''),
(262, '202303061002', '1', '2', '3', '<div', '<div', '<div', '2023-03-06 10:03:02', 'Lose', ''),
(263, '202303061002', '3', '2', '6', '<div', '<div', '<div', '2023-03-06 10:03:23', 'Lose', ''),
(264, '202303061002', '1', '2', '3', '<div', '<div', '<div', '2023-03-06 10:09:36', 'Lose', ''),
(265, '202303061002', '1', '2', '3', '<div', '<div', '<div', '2023-03-06 10:19:02', 'Lose', ''),
(266, '202303061002', '1', '2', '3', '<div', '<div', '<div', '2023-03-06 10:23:32', 'Lose', ''),
(267, '202303061002', '4', '5', '6', '<div', '<div', '<div', '2023-03-06 10:24:14', 'Lose', ''),
(268, '202303061002', '1', '2', '3', '<div', '<div', '<div', '2023-03-06 10:25:22', 'Lose', ''),
(269, '202303061002', '2', '5', '8', '<div', '<div', '<div', '2023-03-06 10:25:53', 'Lose', ''),
(270, '202303061002', '2', '5', '9', '<div', '<div', '<div', '2023-03-06 10:26:40', 'Lose', ''),
(271, '202303061002', '1', '2', '3', '<div', '<div', '<div', '2023-03-06 10:30:05', 'Lose', ''),
(272, '202303061002', '1', '2', '3', '<div', '<div', '<div', '2023-03-06 10:30:22', 'Lose', ''),
(273, '202303061002', '1', '5', '9', '<div', '<div', '<div', '2023-03-06 10:31:05', 'Lose', ''),
(274, '202303061002', '2', '5', '5', '<div', '<div', '<div', '2023-03-06 10:33:49', 'Lose', ''),
(275, '202303061002', '2', '3', '3', '<div', '<div', '<div', '2023-03-06 10:34:22', 'Lose', ''),
(276, '202303061002', '2', '5', '8', '4', '1', '5', '2023-03-06 10:34:41', 'Lose', ''),
(277, '202303061002', '1', '2', '3', '0', '6', '0', '2023-03-06 13:08:42', 'Lose', ''),
(278, '202303061002', '1', '2', '3', '9', '0', '6', '2023-03-06 13:08:50', 'Lose', ''),
(279, '202303061002', '4', '5', '8', '4', '0', '9', '2023-03-06 13:15:56', 'Win', 'Consolation-1'),
(280, '202303061002', '2', '5', '6', '1', '8', '8', '2023-03-06 13:19:29', 'Lose', ''),
(281, '202303061002', '2', '5', '9', '1', '8', '5', '2023-03-06 13:38:31', 'Lose', ''),
(282, '202303061002', '2', '5', '9', '6', '6', '0', '2023-03-06 13:38:40', 'Lose', ''),
(283, '202303061002', '2', '5', '9', '0', '7', '9', '2023-03-06 13:38:44', 'Win', 'Consolation-1'),
(284, '202303061002', '2', '5', '9', '3', '9', '8', '2023-03-06 13:41:26', 'Lose', ''),
(285, '202303061002', '2', '5', '9', '4', '1', '0', '2023-03-06 13:41:32', 'Lose', ''),
(286, '202303061002', '2', '5', '9', '1', '9', '6', '2023-03-06 13:41:35', 'Lose', ''),
(287, '202303061002', '2', '5', '5', '5', '3', '8', '2023-03-06 13:57:36', 'Lose', ''),
(288, '202303061002', '1', '2', '3', '2', '5', '1', '2023-03-06 14:00:40', 'Lose', ''),
(289, '202303061002', '1', '2', '3', '1', '8', '5', '2023-03-06 14:00:49', 'Win', 'Consolation-1'),
(290, '202303061002', '1', '2', '3', '4', '9', '3', '2023-03-06 14:03:43', 'Win', 'Consolation-1'),
(291, '202303061002', '1', '2', '3', '7', '0', '2', '2023-03-06 15:10:43', 'Lose', ''),
(292, '202303061002', '1', '2', '3', '6', '9', '1', '2023-03-06 15:10:47', 'Lose', ''),
(293, '202303061002', '2', '5', '8', '3', '7', '8', '2023-03-06 15:11:24', 'Win', 'Consolation-1'),
(294, '202303061002', '1', '2', '3', '3', '5', '4', '2023-03-06 15:13:03', 'Lose', ''),
(295, '202303061002', '1', '2', '3', '7', '8', '6', '2023-03-06 15:13:03', 'Lose', ''),
(296, '202303061002', '1', '2', '3', '9', '9', '0', '2023-03-06 15:36:20', 'Lose', ''),
(297, '202303061002', '1', '2', '3', '6', '7', '8', '2023-03-06 16:23:08', 'Lose', ''),
(298, '202303061002', '2', '5', '5', '6', '3', '8', '2023-03-06 16:33:06', 'Lose', ''),
(299, '202303061002', '2', '5', '5', '8', '8', '9', '2023-03-06 16:33:29', 'Lose', ''),
(300, '202303061002', '1', '2', '3', '2', '1', '4', '2023-03-06 17:13:47', 'Lose', ''),
(301, '202303061002', '1', '2', '3', '6', '9', '9', '2023-03-06 17:22:44', 'Lose', ''),
(302, '202303071003', '1', '4', '7', '8', '9', '4', '2023-03-07 14:36:14', 'Lose', ''),
(303, '202303071003', '2', '5', '6', '5', '4', '0', '2023-03-07 17:17:59', 'Lose', ''),
(304, '202303091004', '7', '8', '9', '9', '6', '8', '2023-03-09 08:48:07', 'Lose', ''),
(305, '202303091004', '7', '8', '9', '3', '3', '4', '2023-03-09 08:48:12', 'Lose', ''),
(306, '202303091004', '7', '8', '9', '2', '0', '7', '2023-03-09 08:48:16', 'Lose', ''),
(307, '202303091004', '7', '8', '9', '1', '9', '9', '2023-03-09 08:48:22', 'Win', 'Consolation-1'),
(308, '2323232322', '2', '5', '9', '4', '6', '2', '2023-03-09 11:15:12', 'Lose', ''),
(309, '2323232322', '2', '5', '9', '7', '8', '1', '2023-03-09 11:15:19', 'Lose', ''),
(310, '2323232322', '2', '5', '9', '0', '6', '0', '2023-03-09 11:15:23', 'Lose', ''),
(311, '2323232322', '2', '5', '9', '8', '1', '5', '2023-03-09 11:15:27', 'Lose', ''),
(312, '2323232322', '2', '5', '9', '3', '6', '6', '2023-03-09 11:15:31', 'Lose', ''),
(313, '2323232322', '2', '5', '9', '6', '7', '6', '2023-03-09 11:15:35', 'Lose', ''),
(314, '2323232322', '2', '5', '9', '9', '6', '1', '2023-03-09 11:15:41', 'Lose', ''),
(315, '2323232322', '2', '5', '9', '4', '4', '4', '2023-03-09 11:15:45', 'Lose', ''),
(316, '2323232322', '2', '5', '9', '9', '9', '0', '2023-03-09 11:16:21', 'Lose', ''),
(317, '2323232322', '2', '5', '9', '0', '3', '6', '2023-03-09 11:16:25', 'Lose', ''),
(318, '2323232322', '2', '5', '9', '5', '6', '9', '2023-03-09 11:16:30', 'Win', 'Consolation-1'),
(319, '202303101006', '1', '2', '3', '1', '7', '6', '2023-03-10 09:08:35', 'Win', 'Consolation-1'),
(320, '202303101006', '5', '8', '9', '3', '0', '7', '2023-03-10 09:09:13', 'Lose', ''),
(321, '202303101006', '5', '8', '9', '7', '1', '6', '2023-03-10 09:09:30', 'Lose', ''),
(322, '202303111008', '1', '2', '5', '4', '7', '5', '2023-03-11 10:50:53', 'Win', 'Consolation-1'),
(323, '202303111008', '3', '3', '3', '3', '5', '0', '2023-03-11 10:51:04', 'Win', 'Consolation-1'),
(324, '202303111008', '3', '6', '5', '0', '1', '6', '2023-03-11 10:51:14', 'Lose', ''),
(325, '202303111008', '3', '6', '5', '3', '3', '1', '2023-03-11 10:51:18', 'Win', 'Consolation-1'),
(326, '202303111008', '3', '6', '5', '8', '4', '9', '2023-03-11 10:51:20', 'Lose', ''),
(327, '202303111008', '3', '6', '5', '5', '9', '0', '2023-03-11 10:51:25', 'Lose', ''),
(328, '202303111008', '3', '6', '5', '0', '2', '5', '2023-03-11 10:51:29', 'Win', 'Consolation-1'),
(329, '202303111008', '2', '2', '2', '2', '0', '6', '2023-03-11 10:51:44', 'Win', 'Consolation-1'),
(330, '202303111008', '4', '5', '4', '0', '8', '9', '2023-03-11 10:51:53', 'Lose', ''),
(331, '202303111008', '4', '5', '4', '3', '0', '2', '2023-03-11 10:51:58', 'Lose', ''),
(332, '202303111008', '4', '5', '4', '4', '2', '8', '2023-03-11 10:52:01', 'Win', 'Consolation-1'),
(333, '202303111008', '2', '3', '5', '0', '6', '9', '2023-03-11 10:52:12', 'Lose', ''),
(334, '202303111008', '2', '3', '5', '5', '7', '8', '2023-03-11 10:52:16', 'Lose', ''),
(335, '202303111008', '2', '3', '5', '7', '8', '6', '2023-03-11 10:52:20', 'Lose', ''),
(336, '202303111008', '2', '3', '5', '1', '5', '6', '2023-03-11 10:52:24', 'Lose', ''),
(337, '202303111008', '2', '3', '5', '6', '9', '7', '2023-03-11 10:52:28', 'Lose', ''),
(338, '202303111008', '2', '3', '5', '5', '3', '9', '2023-03-11 10:52:32', 'Win', 'Consolation-1'),
(339, '202303111008', '6', '5', '9', '4', '2', '3', '2023-03-11 10:52:46', 'Lose', ''),
(340, '202303111008', '6', '5', '9', '0', '0', '9', '2023-03-11 10:52:51', 'Win', 'Consolation-1'),
(341, '202303111008', '2', '4', '5', '7', '4', '2', '2023-03-11 10:53:02', 'Win', 'Consolation-1'),
(342, '202303111008', '5', '6', '3', '0', '3', '7', '2023-03-11 10:53:15', 'Lose', ''),
(343, '202303111008', '5', '6', '3', '5', '0', '3', '2023-03-11 10:53:19', 'Win', 'Consolation-2'),
(344, '202303111008', '5', '6', '3', '0', '5', '4', '2023-03-11 10:53:30', 'Lose', ''),
(345, '202303111008', '5', '6', '3', '5', '2', '8', '2023-03-11 10:53:35', 'Win', 'Consolation-1'),
(346, '202303131009', '2', '2', '5', '0', '1', '6', '2023-03-13 10:38:28', 'Lose', ''),
(347, '202303131009', '2', '2', '5', '7', '2', '3', '2023-03-13 10:38:32', 'Win', 'Consolation-1'),
(348, '202303131009', '2', '5', '8', '3', '1', '6', '2023-03-13 10:38:42', 'Lose', ''),
(349, '202303131009', '2', '5', '8', '6', '7', '8', '2023-03-13 10:38:45', 'Win', 'Consolation-1'),
(350, '202303131009', '3', '6', '9', '8', '7', '5', '2023-03-13 10:38:54', 'Lose', ''),
(351, '202303131009', '3', '6', '9', '1', '4', '3', '2023-03-13 10:38:57', 'Lose', ''),
(352, '202303131009', '3', '6', '9', '7', '4', '3', '2023-03-13 10:39:01', 'Lose', ''),
(353, '202303131009', '3', '6', '9', '6', '9', '3', '2023-03-13 10:39:05', 'Lose', ''),
(354, '202303131009', '3', '6', '9', '9', '9', '5', '2023-03-13 10:39:08', 'Lose', ''),
(355, '202303131009', '3', '6', '9', '4', '4', '6', '2023-03-13 10:39:12', 'Lose', ''),
(356, '202303131009', '3', '6', '9', '3', '7', '5', '2023-03-13 10:39:16', 'Win', 'Consolation-1'),
(357, '202303131009', '3', '5', '6', '6', '6', '9', '2023-03-13 10:39:28', 'Lose', ''),
(358, '202303131009', '3', '5', '6', '3', '3', '6', '2023-03-13 10:39:32', 'Win', 'Consolation-2'),
(359, '202303131009', '3', '5', '6', '3', '1', '9', '2023-03-13 10:39:35', 'Win', 'Consolation-1'),
(360, '202303131009', '1', '2', '5', '9', '8', '8', '2023-03-13 11:27:06', 'Lose', ''),
(361, '202303131009', '1', '2', '5', '0', '0', '9', '2023-03-13 11:27:10', 'Lose', ''),
(362, '202303131009', '1', '2', '5', '2', '3', '6', '2023-03-13 11:27:14', 'Lose', ''),
(363, '202303131009', '1', '2', '5', '2', '4', '4', '2023-03-13 11:27:17', 'Lose', ''),
(364, '202303131009', '1', '2', '5', '5', '6', '8', '2023-03-13 11:27:21', 'Lose', ''),
(365, '202303131009', '1', '2', '5', '9', '6', '2', '2023-03-13 11:27:25', 'Lose', ''),
(366, '202303131009', '1', '2', '5', '3', '2', '0', '2023-03-13 11:27:28', 'Win', 'Consolation-1'),
(367, '25252525252', '1', '2', '3', '0', '2', '9', '2023-03-13 16:43:59', 'Win', 'Consolation-1'),
(368, '21212121a', '1', '2', '3', '6', '8', '4', '2023-03-14 08:58:06', 'Lose', ''),
(369, '21212121a', '1', '2', '3', '4', '5', '0', '2023-03-14 08:58:10', 'Lose', ''),
(370, '21212121a', '1', '2', '3', '0', '6', '4', '2023-03-14 08:58:14', 'Lose', ''),
(371, '21212121a', '1', '2', '3', '4', '9', '5', '2023-03-14 08:58:18', 'Lose', ''),
(372, '21212121a', '1', '2', '3', '1', '4', '8', '2023-03-14 08:58:21', 'Win', 'Consolation-1'),
(373, '21212121a', '1', '2', '3', '2', '2', '0', '2023-03-14 08:59:18', 'Win', 'Consolation-1'),
(374, '21212121a', '1', '2', '3', '5', '3', '3', '2023-03-14 08:59:51', 'Win', 'Consolation-1'),
(375, '21212121a', '1', '2', '3', '8', '8', '5', '2023-03-14 09:00:10', 'Lose', ''),
(376, '21212121a', '1', '2', '3', '3', '6', '1', '2023-03-14 09:00:14', 'Lose', ''),
(377, '21212121a', '1', '2', '3', '7', '7', '7', '2023-03-14 09:00:17', 'Lose', ''),
(378, '21212121a', '1', '2', '3', '7', '0', '7', '2023-03-14 09:00:22', 'Lose', ''),
(379, '21212121a', '1', '2', '3', '1', '0', '3', '2023-03-14 09:00:26', 'Win', 'Consolation-2'),
(380, '21212121a', '1', '2', '3', '8', '8', '5', '2023-03-14 09:00:32', 'Lose', ''),
(381, '21212121a', '1', '2', '3', '4', '1', '6', '2023-03-14 09:00:35', 'Lose', ''),
(382, '21212121a', '1', '2', '3', '7', '3', '2', '2023-03-14 09:00:39', 'Lose', ''),
(383, '21212121a', '1', '2', '3', '2', '1', '2', '2023-03-14 09:00:43', 'Lose', ''),
(384, '21212121a', '1', '2', '3', '3', '3', '3', '2023-03-14 09:00:47', 'Win', 'Consolation-1'),
(385, '21212121a', '1', '2', '3', '8', '0', '5', '2023-03-14 09:01:56', 'Lose', ''),
(386, '21212121a', '1', '2', '3', '5', '5', '2', '2023-03-14 09:02:00', 'Lose', ''),
(387, '21212121a', '1', '2', '3', '8', '1', '0', '2023-03-14 09:02:03', 'Lose', ''),
(388, '21212121a', '1', '2', '3', '9', '5', '0', '2023-03-14 09:02:07', 'Lose', ''),
(389, '21212121a', '1', '2', '3', '3', '8', '3', '2023-03-14 09:02:10', 'Win', 'Consolation-1'),
(390, '21212121a', '1', '2', '3', '9', '0', '5', '2023-03-14 09:03:03', 'Lose', ''),
(391, '21212121a', '1', '2', '3', '0', '4', '3', '2023-03-14 09:03:07', 'Win', 'Consolation-1'),
(392, '21212121a', '1', '2', '3', '1', '9', '7', '2023-03-14 09:04:09', 'Win', 'Consolation-1'),
(393, '21212121a', '1', '2', '3', '6', '6', '1', '2023-03-14 09:04:41', 'Lose', ''),
(394, '21212121a', '1', '2', '3', '0', '6', '5', '2023-03-14 09:04:45', 'Lose', ''),
(395, '21212121a', '1', '2', '3', '7', '7', '2', '2023-03-14 09:04:49', 'Lose', ''),
(396, '21212121a', '1', '2', '3', '3', '0', '3', '2023-03-14 09:04:53', 'Win', 'Consolation-1'),
(397, '21212121a', '1', '2', '3', '3', '0', '4', '2023-03-14 09:07:07', 'Lose', ''),
(398, '21212121a', '1', '2', '3', '2', '6', '6', '2023-03-14 09:07:11', 'Lose', ''),
(399, '21212121a', '1', '2', '3', '3', '2', '8', '2023-03-14 09:07:15', 'Win', 'Consolation-1'),
(400, '21212121a', '1', '2', '3', '8', '8', '7', '2023-03-14 09:26:20', 'Lose', ''),
(401, '21212121a', '1', '2', '3', '5', '6', '8', '2023-03-14 09:26:24', 'Lose', ''),
(402, '21212121a', '1', '2', '3', '8', '3', '0', '2023-03-14 09:26:27', 'Lose', ''),
(403, '21212121a', '1', '2', '3', '8', '3', '9', '2023-03-14 09:26:31', 'Lose', ''),
(404, '21212121a', '1', '2', '3', '3', '1', '2', '2023-03-14 09:26:35', 'Lose', ''),
(405, '21212121a', '1', '2', '3', '5', '4', '5', '2023-03-14 09:26:38', 'Lose', ''),
(406, '21212121a', '1', '2', '3', '2', '9', '1', '2023-03-14 09:26:42', 'Lose', ''),
(407, '21212121a', '1', '2', '3', '3', '1', '7', '2023-03-14 09:26:47', 'Lose', ''),
(408, '21212121a', '1', '2', '3', '6', '0', '1', '2023-03-14 09:26:50', 'Lose', ''),
(409, '21212121a', '1', '2', '3', '1', '2', '6', '2023-03-14 09:26:54', 'Win', 'Consolation-2'),
(410, '21212121a', '1', '2', '3', '8', '3', '6', '2023-03-14 09:26:58', 'Lose', ''),
(411, '21212121a', '1', '2', '3', '8', '4', '4', '2023-03-14 09:27:02', 'Lose', ''),
(412, '21212121a', '1', '2', '3', '3', '6', '5', '2023-03-14 09:27:06', 'Lose', ''),
(413, '21212121a', '1', '2', '3', '3', '0', '9', '2023-03-14 09:27:10', 'Lose', ''),
(414, '21212121a', '1', '2', '3', '0', '8', '3', '2023-03-14 09:27:13', 'Win', 'Consolation-1'),
(415, '21212121a', '1', '2', '3', '2', '7', '6', '2023-03-14 09:33:52', 'Lose', ''),
(416, '21212121a', '1', '2', '3', '7', '0', '2', '2023-03-14 09:33:57', 'Lose', ''),
(417, '21212121a', '1', '2', '3', '2', '2', '7', '2023-03-14 09:34:01', 'Win', 'Consolation-1'),
(418, '202303151010', '1', '2', '3', '2', '6', '7', '2023-03-15 08:49:57', 'Lose', ''),
(419, '202303151010', '1', '2', '3', '8', '9', '3', '2023-03-15 08:50:02', 'Win', 'Consolation-1'),
(420, '2566555a', '1', '2', '3', '6', '5', '6', '2023-03-16 10:40:10', 'Lose', ''),
(421, '2566555a', '1', '2', '3', '0', '6', '2', '2023-03-16 10:40:14', 'Lose', ''),
(422, '2566555a', '1', '2', '3', '4', '5', '4', '2023-03-16 10:40:18', 'Lose', ''),
(423, '2566555a', '1', '2', '3', '9', '3', '5', '2023-03-16 10:40:22', 'Lose', ''),
(424, '2566555a', '1', '2', '3', '6', '4', '4', '2023-03-16 10:40:26', 'Lose', ''),
(425, '2566555a', '1', '2', '3', '0', '9', '2', '2023-03-16 10:40:30', 'Lose', ''),
(426, '2566555a', '1', '2', '3', '8', '7', '9', '2023-03-16 10:40:34', 'Lose', ''),
(427, '2566555a', '1', '2', '3', '0', '7', '2', '2023-03-16 10:40:39', 'Lose', ''),
(428, '2566555a', '1', '2', '3', '8', '1', '8', '2023-03-16 10:40:43', 'Lose', ''),
(429, '2566555a', '1', '2', '3', '9', '4', '6', '2023-03-16 10:40:48', 'Lose', ''),
(430, '2566555a', '1', '2', '3', '9', '9', '8', '2023-03-16 10:40:52', 'Lose', ''),
(431, '2566555a', '1', '2', '3', '9', '5', '1', '2023-03-16 10:40:56', 'Lose', ''),
(432, '2566555a', '1', '2', '3', '0', '7', '0', '2023-03-16 10:41:01', 'Lose', ''),
(433, '2566555a', '1', '2', '3', '2', '1', '9', '2023-03-16 10:41:05', 'Lose', ''),
(434, '2566555a', '1', '2', '3', '9', '0', '4', '2023-03-16 10:41:09', 'Lose', ''),
(435, '2566555a', '1', '2', '3', '5', '7', '2', '2023-03-16 10:41:13', 'Lose', ''),
(436, '2566555a', '1', '2', '3', '3', '5', '8', '2023-03-16 10:41:17', 'Lose', ''),
(437, '2566555a', '1', '2', '3', '8', '2', '3', '2023-03-16 10:41:24', 'Win', 'Consolation-2'),
(438, '25666555', '1', '2', '3', '5', '9', '5', '2023-03-17 16:34:54', 'Lose', ''),
(439, '25666555', '1', '2', '3', '2', '4', '5', '2023-03-17 16:34:59', 'Lose', ''),
(440, '25666555', '1', '2', '3', '0', '6', '5', '2023-03-17 16:35:03', 'Lose', ''),
(441, '25666555', '1', '2', '3', '6', '4', '3', '2023-03-17 16:35:07', 'Win', 'Consolation-1'),
(442, '26665599', '1', '2', '3', '2', '0', '9', '2023-03-17 17:01:59', 'Lose', ''),
(443, '26665599', '1', '2', '3', '9', '5', '9', '2023-03-17 17:02:05', 'Lose', ''),
(444, '26665599', '1', '2', '3', '8', '2', '5', '2023-03-17 17:02:10', 'Win', 'Consolation-1');

-- --------------------------------------------------------

--
-- Table structure for table `user`
--

CREATE TABLE `user` (
  `username` varchar(255) NOT NULL,
  `fullname` varchar(255) DEFAULT NULL,
  `password` varchar(255) DEFAULT NULL,
  `role` varchar(255) DEFAULT NULL,
  `date_created` timestamp NOT NULL DEFAULT current_timestamp() ON UPDATE current_timestamp()
) ENGINE=InnoDB DEFAULT CHARSET=utf8mb4;

--
-- Dumping data for table `user`
--

INSERT INTO `user` (`username`, `fullname`, `password`, `role`, `date_created`) VALUES
('administrator', 'Gaisano Capital Corp.', '$2y$10$ks3BlWcAeO2NTUuOmTi7IuVvuK7hwGRZnbkVRIKfAM9oR9cc103cy', 'Admin', '2023-03-17 02:17:02'),
('gcap', 'Gaisano Corp.', '$2y$10$tQNJRhGjrFLmVBAHCXCB1uXROTUYTruiq6hwu/nA2v0DRxf9j.9IK', 'User', '2023-02-23 05:34:58');

--
-- Indexes for dumped tables
--

--
-- Indexes for table `customer`
--
ALTER TABLE `customer`
  ADD PRIMARY KEY (`invoice`);

--
-- Indexes for table `lottery`
--
ALTER TABLE `lottery`
  ADD PRIMARY KEY (`id`);

--
-- Indexes for table `user`
--
ALTER TABLE `user`
  ADD PRIMARY KEY (`username`);

--
-- AUTO_INCREMENT for dumped tables
--

--
-- AUTO_INCREMENT for table `lottery`
--
ALTER TABLE `lottery`
  MODIFY `id` int(11) NOT NULL AUTO_INCREMENT, AUTO_INCREMENT=445;
COMMIT;

/*!40101 SET CHARACTER_SET_CLIENT=@OLD_CHARACTER_SET_CLIENT */;
/*!40101 SET CHARACTER_SET_RESULTS=@OLD_CHARACTER_SET_RESULTS */;
/*!40101 SET COLLATION_CONNECTION=@OLD_COLLATION_CONNECTION */;
